"DESCRIPTION","DURATION IN MS","NAME","PARENT SUITE","START TIME","STATUS","STOP TIME","SUB SUITE","SUITE","TEST CLASS","TEST METHOD"
"","470","userLoginValidationTest","Default Suite","2026-10-05","passed","2026-10-05","com.qa.helpdesk.tests.LoginPageTest","helpdesk-Automation","com.qa.helpdesk.tests.LoginPageTest","userLoginValidationTest"
"","61176","agentLoginTest","Default Suite","2026-10-05","broken","2026-10-05","com.qa.helpdesk.tests.LoginPageTest","helpdesk-Automation","com.qa.helpdesk.tests.LoginPageTest","agentLoginTest"
"","6904","createSignatureTest","Default Suite","2026-09-10","passed","2026-09-10","com.qa.helpdesk.tests.UserDashboardTest","helpdesk-Automation","com.qa.helpdesk.tests.UserDashboardTest","createSignatureTest"
"","1","loginPageURLTest","Default Suite","2026-10-05","passed","2026-10-05","com.qa.helpdesk.tests.LoginPageTest","helpdesk-Automation","com.qa.helpdesk.tests.LoginPageTest","loginPageURLTest"
"","34203","viewCardOnHomePageTest","Default Suite","2026-09-14","passed","2026-09-14","com.qa.helpdesk.tests.UserDashboardTest","helpdesk-Automation","com.qa.helpdesk.tests.UserDashboardTest","viewCardOnHomePageTest"
"","101","forgetPwdLinkTest","Default Suite","2026-10-05","passed","2026-10-05","com.qa.helpdesk.tests.LoginPageTest","helpdesk-Automation","com.qa.helpdesk.tests.LoginPageTest","forgetPwdLinkTest"
"","64553","createUserAndDeleteTest","Default Suite","2026-09-14","broken","2026-09-14","com.qa.helpdesk.tests.AgentDashboardTest","helpdesk-Automation","com.qa.helpdesk.tests.AgentDashboardTest","createUserAndDeleteTest"
"","0","createAgentAndCompleteOnboardingTest","Default Suite","2026-09-14","broken","2026-09-14","com.qa.helpdesk.tests.AdminDashboardTest","helpdesk-Automation","com.qa.helpdesk.tests.AdminDashboardTest","createAgentAndCompleteOnboardingTest"
"","10352","createUserTest","Default Suite","2026-10-01","passed","2026-10-01","com.qa.helpdesk.tests.AgentDashboardTest","helpdesk-Automation","com.qa.helpdesk.tests.AgentDashboardTest","createUserTest"
"","33225","createTicketErrorMsgTest","Default Suite","2026-09-14","passed","2026-09-14","com.qa.helpdesk.tests.UserDashboardTest","helpdesk-Automation","com.qa.helpdesk.tests.UserDashboardTest","createTicketErrorMsgTest"
"","61788","createNewMacroTest","Default Suite","2026-09-14","broken","2026-09-14","com.qa.helpdesk.tests.AgentDashboardTest","helpdesk-Automation","com.qa.helpdesk.tests.AgentDashboardTest","createNewMacroTest"
"","32238","agentToAdminPanelSwitchTest","Default Suite","2026-09-14","failed","2026-09-14","com.qa.helpdesk.tests.AgentDashboardTest","helpdesk-Automation","com.qa.helpdesk.tests.AgentDashboardTest","agentToAdminPanelSwitchTest"
"","1574","userLoginTest","Default Suite","2026-10-05","passed","2026-10-05","com.qa.helpdesk.tests.LoginPageTest","helpdesk-Automation","com.qa.helpdesk.tests.LoginPageTest","userLoginTest"
"","47","loginPageTitleTest","Default Suite","2026-10-05","passed","2026-10-05","com.qa.helpdesk.tests.LoginPageTest","helpdesk-Automation","com.qa.helpdesk.tests.LoginPageTest","loginPageTitleTest"
"","270","agentLoginValidationTest","Default Suite","2026-10-07","passed","2026-10-07","com.qa.helpdesk.tests.LoginPageTest","helpdesk-Automation","com.qa.helpdesk.tests.LoginPageTest","agentLoginValidationTest"
"","6532","createTicketTest","Default Suite","2026-09-14","passed","2026-09-14","com.qa.helpdesk.tests.UserDashboardTest","helpdesk-Automation","com.qa.helpdesk.tests.UserDashboardTest","createTicketTest"
